ace
airheart
allie
aloe
amira
angel
applebloom+applebloomdance
applebumpkin
applecore
applefritter
applejack+applejackscarecrow+fillyjack+fillyjacktravel
applesplit
archer
auntorange
babseed
basil
bastionyorsets+georgewashingtony
bear
beautybrass
berrypunch
bigmac+bigmacsleep
billneigh
blaze
blinkie+limestone
blossomforth
blueberry
blueberrycake
blueharvest
bonbon+bonbonstand+bonbonlyra+lyrabonbon+sweetiedrops
boxxy+craftycrate
braeburn
brucemane
cadance+fillycadance+cadancecrystal+cadancescruffy
caesar
candymane
candylicious
caramel
carrot+carrottop+goldenharvest
carrotcake+carecake
celestia+celestiasmall
changeling
cheerilee+cheerilee80
cheesesandwich
cerberus
cherryberry
cherrycola+cherryfizzy
chrysalis+changelingqueen
clockwork+quickfix+epona
coldheart+snowheart
cloudchaser
cloudkicker
cow
clyde+igneousrock
colton
cottoncloudy
cracky
creampuff
cremebrulee
cupcake
cutiemarkcrusaders
daisy
daringdo
davenport
deepblue
descent
derpy+derpysit+derpystand+derpystandwing+derpybags+derpycloud+derpysad
diamondmint
diamondtiara
dinky
discord+discordpuppetmaster+discordamused
doctor+doctornohat+timeturner+drhooves
elsie+prettyvision
ember
fancypants
featherweight
fiddlesticks+fiddlyfaddle
fido
fillydash+fillydashfly
filmreel
filthyrich
firestreak
flam
flashsentry+brad
fleetfoot
fleurdelis+fleurdelishair+fleurdelislay+fleurdislee
flim
flitter
flowertrio
flurryheart
fluttershy+fluttershygala+fluttershyshy+fluttershystare+fillyshy+pansyshy+mantishy+fluttershybat+fluttershybathang
forestspirit
frederickhorseshoepin
gilda+gildastand
gingergold
gingersnap
goldiedelicious
grace
granny+grannychair+grannysleep
gummy
gustavelegrand
haakm
hairytipper+dancefever
harshwninny
hayfever
hayseed
highscore+buttonmash
hoity
hollydash
horsemd+hippocrates+doctop
horte
hughjelly+hughbertjellius
inky+marble
ironwill+ironwillwalk
jeffletroski
jesuspezuna
joe+joetuxedo
jubileena
junebug
kevin
laflour
lemonhearts
lightning
lightningdust
lilyvalley+lily
lintsalot
lotus+lotusblossom
luna+lunafly
lyra+lyrasit+harpass+heartstrings
mane-iac
manticore+mannyroar
maredowell+maredowellfly+maredowellgallop
master
maudpie
maybelle+mabel
mayor
meadowsong
melilot
midnightstrike
minuette+colgate
milkyway
misty
misspommel+cocopommel
mjolna
mrbreezy
mrsparkle+nightlight
mrssparkle+twilightvelvet
mule
nightingale
nightmaremoon
nightmarerarity
noi
noteworthy+blues
octavia
opal
orangebird
orangefrog
owl+owlowiscious
parasprite
papermoon
peachbottom+chickadee
perry+perrypierce
persnickety
petunia
philomena
philomenaphoenix
photofinish
pictureperfect
pigpen
pinacolada
pinkamina
pinkie+pinkiecannonfront+pinkiecannon+pinkiebounce+pinkiecannonhappy+pinkiegala+pinkiechicken+pinkiehugfluttershy+pinkiegummy+pinkietongue+pinkiesilly
pinkie+pinkiepartycannon+pinkieprincess+pinkiehugsfluttershy+pinkiewhoops+oinkoinkoink+pinkiewhoopsout+pinkiewhoopseat+fillypinkie+fillypinkiecurly+pinkieoink
pinkie+pinkiegummydisguise+pinkacopter+pinkiefly+pinkieparade+pinkieumbrellahat+pinkieumbrelahatfear+pinkiecrazyface
pipsqueak+pipsqueakpirate
pokey+pokeypierce+royalpin
ponet
poppycock
poundcake+poundfly
pumpkincake
princesserroria
purplehaze
raccoon
raggedy
rainbow+rainbowdrag+rainbowfly+rainbowgala+rainbowsalute+rainbowsleep+fillydashfly+fillydash+rainbowhurricane+rainbowshadowbolt+rainbowdashcrystal+rainbowfim
rainbowblitz
rainbowdrop
rainbowshine
raindrops
rarity+raritydrama+rarityfly+rarityponder+fillyrarity+raritygala+raritycomplaining+rarityelite
raritysdad+magnum+hondoflanks
raritysmom+pearl+cookiecrumbles+bettybouffant
raven+ravenunicorn+ravenearth
redheart
rhyme
rocky
rose+roseluck
rover
royalguard
royalnightguard
royalunicornguard
ruby+berrypinch
rumble
sapphire
scootaloo
screwball
screwloose
seabreeze
seaswirl
shiningarmor+shiningarmorguard+shiningarmorwedding+shiningarmorcrystal
shoeshine
shortround
silverspeed
silverspoon
silverstar
sindy+powderrouge
skyra
snails
snips
snowflake+horsepower+bulkbiceps
soarin+soarinofficer
soigne
sombra
sparkler+amethyststar
spike+spikefloat+spikelove+spikemustache+spikecrystal
spitfire
spot
squirrel
starlight
Starlightglimmer
stella
stellareclipse
stevenmagnet+stevenmagnettrue
strawberrycream
strongheart
sue+suedance+cloudyquartz
sunirays
sunsetshimmer
surprise
sweetcream
sweetie+sweetiesing
tank
tealove
tenderheart
theodoredonaldkerabatsos
theoldenpony
thunderlane
tirek
tom
tornadobolt
trixie+trixiestage+trixiestand+lulamoon+trixielulamoon+trixieamulet
truffleshuffle
turf
turnip
twilight+twilightcrazyfromball+twilightrage+twilightzero+fillytwilight+twilightthebearded+twilighttime+twilightcrystal+twilightspike+twilacorn+twilightprincess+twilightfly+twilightwings+twilightbreezie
thinkleshine
twist
unclewing
uncleorange
vinyl+djpon-3
violet+royalribbon
waltercoltchak+walter
wildfire
wildflower
winona
woona
zecora+zecorabalance
